{
    "id": "pelican-mc-manager",
    "name": "Pelican Minecraft Manager",
    "author": "Boy132 & JackDiSpade21",
    "version": "1.0.7",
    "description": "Easily download minecraft mods & plugins from modrinth",
    "category": "plugin",
    "url": "https://github.com/JackDiSpade21/pelican-mc-manager",
    "update_url": null,
    "namespace": "Boy132\\MinecraftModrinth",
    "class": "MinecraftModrinthPlugin",
    "panels": [
        "server"
    ],
    "panel_version": null,
    "composer_packages": null
}